Student_ID,Name,Department,Semester,Marks,Attendance
101,Karthick,BCA,5,78,85
102,Priya,BCA,5,91,96
103,Arun,BSc,6,69,80
104,Durga,BCA,6,88,92
105,Rahul,BCom,4,76,89
106,Anjali,BCA,3,84,94
107,Sneha,BSc,2,71,82
108,Rohit,BCA,5,67,78
109,Meera,BCom,1,90,97
110,Ajay,BSc,6,73,85
111,Divya,BCA,4,82,91
112,Vikram,BCom,5,79,88
113,Neha,BSc,3,87,93
114,Kiran,BCA,2,75,81
115,Pooja,BCom,6,92,98
116,Arvind,BCA,5,68,79
117,Nisha,BSc,4,85,90
118,Harish,BCom,3,77,84
119,Riya,BCA,6,89,95
120,Manoj,BSc,2,72,80
121,Asha,BCA,1,83,89
122,Deepak,BCom,5,74,86
123,Kavya,BSc,4,91,96
124,Sanjay,BCA,6,80,88
125,Preethi,BCom,2,69,76
126,Rakesh,BSc,5,78,87
127,Latha,BCA,3,94,99
128,Varun,BCom,4,81,90
129,Anu,BSc,6,70,82
130,Naveen,BCA,2,88,94
131,Shreya,BCom,1,76,84
132,Abhishek,BSc,5,85,91
133,Swathi,BCA,4,73,83
134,Akash,BCom,6,90,97
135,Keerthi,BSc,3,79,86
136,Mohan,BCA,5,66,75
137,Pallavi,BCom,2,84,92
138,Suraj,BSc,1,72,81
139,Nandini,BCA,6,95,99
140,Harsha,BCom,4,87,93
141,Ramesh,BSc,5,75,85
142,Sowmya,BCA,3,82,90
143,Amit,BCom,6,68,79
144,Rekha,BSc,2,91,97
145,Yash,BCA,1,77,86
146,Shruthi,BCom,5,88,94
147,Ganesh,BSc,4,74,82
148,Monika,BCA,6,93,98
149,Nikhil,BCom,3,81,89
150,Chitra,BSc,2,80,88